order_id,client_id,order_date
1,253,12/9/2025
2,435,8/1/2025
3,359,2/20/2025
4,129,4/27/2025
5,96,12/22/2025
6,673,8/29/2025
7,576,4/1/2025
8,252,10/7/2025
9,990,12/12/2025
10,249,11/10/2025
11,17,7/20/2025
12,925,4/1/2025
13,59,7/20/2025
14,610,1/12/2026
15,354,9/26/2025
16,227,11/28/2025
17,658,1/17/2026
18,600,7/9/2025
19,249,5/22/2025
20,939,10/22/2025
21,429,12/24/2025
22,102,8/7/2025
23,548,7/4/2025
24,115,11/4/2025
25,981,7/7/2025
26,501,2/9/2025
27,182,7/24/2025
28,583,12/18/2025
29,476,9/21/2025
30,527,7/5/2025
31,8,1/29/2025
32,824,11/6/2025
33,831,5/9/2025
34,259,4/19/2025
35,286,12/29/2025
36,457,8/12/2025
37,554,12/13/2025
38,421,7/15/2025
39,336,12/24/2025
40,495,8/1/2025
41,899,11/23/2025
42,198,10/22/2025
43,121,7/20/2025
44,6,1/30/2025
45,954,11/27/2025
46,663,6/13/2025
47,910,11/20/2025
48,679,2/27/2025
49,169,7/21/2025
50,5,12/7/2025
51,328,1/3/2026
52,583,3/7/2025
53,96,6/3/2025
54,815,2/24/2025
55,814,9/29/2025
56,212,11/7/2025
57,451,10/4/2025
58,251,4/19/2025
59,401,3/31/2025
60,592,3/11/2025
61,731,12/29/2025
62,523,1/22/2026
63,979,10/13/2025
64,453,5/12/2025
65,582,11/19/2025
66,317,10/19/2025
67,866,5/30/2025
68,138,5/3/2025
69,323,9/19/2025
70,737,10/6/2025
71,769,6/3/2025
72,181,2/16/2025
73,852,11/30/2025
74,643,6/15/2025
75,63,6/25/2025
76,174,1/30/2025
77,376,1/19/2026
78,916,12/19/2025
79,16,11/8/2025
80,626,8/30/2025
81,748,1/7/2026
82,863,6/13/2025
83,350,11/4/2025
84,478,7/22/2025
85,539,9/22/2025
86,400,3/14/2025
87,465,2/14/2025
88,308,1/1/2026
89,252,5/7/2025
90,685,6/18/2025
91,73,3/6/2025
92,33,7/9/2025
93,244,6/21/2025
94,281,7/11/2025
95,95,5/2/2025
96,991,9/29/2025
97,266,8/18/2025
98,175,12/15/2025
99,184,6/19/2025
100,148,11/25/2025
101,85,8/7/2025
102,896,10/30/2025
103,947,11/16/2025
104,167,2/20/2025
105,189,3/3/2025
106,690,7/20/2025
107,3,8/18/2025
108,209,11/23/2025
109,586,1/16/2026
110,807,7/2/2025
111,192,7/30/2025
112,225,4/27/2025
113,524,5/31/2025
114,751,4/1/2025
115,681,1/15/2026
116,628,10/5/2025
117,409,11/10/2025
118,885,11/28/2025
119,119,11/16/2025
120,17,9/7/2025
121,439,4/23/2025
122,511,4/14/2025
123,536,4/3/2025
124,315,3/30/2025
125,123,12/3/2025
126,204,8/1/2025
127,232,5/11/2025
128,933,6/29/2025
129,209,1/16/2026
130,88,2/20/2025
131,510,12/1/2025
132,959,6/6/2025
133,308,8/8/2025
134,982,5/24/2025
135,723,6/3/2025
136,455,2/11/2025
137,688,3/28/2025
138,685,8/6/2025
139,489,12/1/2025
140,575,6/5/2025
141,702,5/13/2025
142,318,11/6/2025
143,259,4/13/2025
144,774,10/20/2025
145,905,12/14/2025
146,106,1/10/2026
147,215,2/23/2025
148,725,3/15/2025
149,27,1/2/2026
150,858,10/2/2025
151,385,6/24/2025
152,400,6/25/2025
153,152,1/29/2025
154,427,12/30/2025
155,683,10/31/2025
156,128,12/12/2025
157,452,8/23/2025
158,724,3/31/2025
159,85,3/30/2025
160,928,7/13/2025
161,794,9/18/2025
162,852,10/9/2025
163,324,1/1/2026
164,853,9/24/2025
165,787,5/31/2025
166,529,3/21/2025
167,954,9/12/2025
168,657,10/2/2025
169,934,4/15/2025
170,17,7/1/2025
171,422,10/28/2025
172,965,12/13/2025
173,817,5/4/2025
174,144,11/20/2025
175,414,6/6/2025
176,303,10/2/2025
177,661,8/14/2025
178,765,3/22/2025
179,705,7/19/2025
180,372,12/25/2025
181,669,3/1/2025
182,5,9/2/2025
183,703,3/4/2025
184,654,1/4/2026
185,77,3/18/2025
186,753,8/3/2025
187,361,5/19/2025
188,640,12/15/2025
189,860,10/6/2025
190,145,8/19/2025
191,822,1/9/2026
192,870,3/14/2025
193,438,4/17/2025
194,174,10/14/2025
195,87,11/1/2025
196,824,11/28/2025
197,423,2/20/2025
198,533,2/5/2025
199,783,6/19/2025
200,776,8/5/2025
201,738,7/17/2025
202,352,5/5/2025
203,345,5/16/2025
204,23,11/24/2025
205,727,3/2/2025
206,893,6/29/2025
207,746,3/6/2025
208,992,2/6/2025
209,221,7/4/2025
210,538,4/15/2025
211,971,11/24/2025
212,987,4/23/2025
213,280,6/8/2025
214,332,8/18/2025
215,359,10/27/2025
216,708,1/19/2026
217,990,1/11/2026
218,234,3/4/2025
219,74,9/25/2025
220,883,7/25/2025
221,834,2/13/2025
222,69,10/27/2025
223,91,10/18/2025
224,115,9/21/2025
225,465,4/29/2025
226,819,5/31/2025
227,993,8/29/2025
228,662,8/8/2025
229,909,8/8/2025
230,8,7/5/2025
231,531,5/31/2025
232,691,3/29/2025
233,924,10/6/2025
234,186,2/12/2025
235,314,5/18/2025
236,477,4/5/2025
237,189,8/6/2025
238,969,7/24/2025
239,564,8/29/2025
240,21,3/17/2025
241,646,6/29/2025
242,628,9/9/2025
243,265,10/28/2025
244,403,9/23/2025
245,836,7/14/2025
246,235,12/23/2025
247,486,4/3/2025
248,449,9/30/2025
249,638,10/25/2025
250,301,5/19/2025
251,611,4/8/2025
252,701,9/7/2025
253,240,9/11/2025
254,27,5/8/2025
255,55,10/5/2025
256,111,5/7/2025
257,531,12/24/2025
258,302,1/23/2026
259,533,8/4/2025
260,440,12/30/2025
261,295,6/26/2025
262,668,12/21/2025
263,456,6/15/2025
264,906,11/5/2025
265,391,5/12/2025
266,3,2/13/2025
267,404,2/1/2025
268,336,11/4/2025
269,688,1/1/2026
270,872,10/15/2025
271,349,3/12/2025
272,342,12/27/2025
273,234,5/15/2025
274,108,11/27/2025
275,815,1/22/2026
276,776,9/2/2025
277,630,5/30/2025
278,36,1/15/2026
279,27,4/30/2025
280,867,1/30/2025
281,795,2/13/2025
282,773,1/27/2025
283,922,6/13/2025
284,854,7/28/2025
285,338,1/22/2026
286,650,1/10/2026
287,548,2/26/2025
288,966,4/1/2025
289,347,5/8/2025
290,245,11/24/2025
291,906,10/11/2025
292,340,1/8/2026
293,592,2/21/2025
294,961,4/12/2025
295,631,12/17/2025
296,585,8/3/2025
297,827,6/20/2025
298,316,12/28/2025
299,702,1/10/2026
300,612,1/23/2026
301,881,3/2/2025
302,510,3/10/2025
303,91,7/25/2025
304,146,4/13/2025
305,81,8/18/2025
306,374,12/21/2025
307,867,8/5/2025
308,485,7/7/2025
309,814,8/31/2025
310,918,12/6/2025
311,723,8/19/2025
312,600,4/10/2025
313,677,12/20/2025
314,80,7/13/2025
315,223,2/16/2025
316,43,1/6/2026
317,278,12/24/2025
318,674,5/29/2025
319,319,7/10/2025
320,536,4/28/2025
321,589,8/8/2025
322,708,7/9/2025
323,890,3/11/2025
324,461,1/2/2026
325,750,6/23/2025
326,581,11/25/2025
327,722,2/3/2025
328,479,7/22/2025
329,469,12/2/2025
330,744,4/19/2025
331,574,11/26/2025
332,933,9/12/2025
333,646,6/20/2025
334,483,5/8/2025
335,939,6/16/2025
336,193,4/10/2025
337,506,8/5/2025
338,70,5/27/2025
339,225,9/16/2025
340,958,10/14/2025
341,69,5/20/2025
342,896,5/30/2025
343,840,1/9/2026
344,983,1/29/2025
345,262,3/20/2025
346,588,8/13/2025
347,573,7/20/2025
348,807,2/7/2025
349,53,12/18/2025
350,772,11/6/2025
351,69,2/21/2025
352,454,1/15/2026
353,764,4/27/2025
354,748,12/27/2025
355,145,7/16/2025
356,362,1/11/2026
357,378,5/26/2025
358,67,8/1/2025
359,58,12/20/2025
360,92,4/22/2025
361,958,10/30/2025
362,615,9/24/2025
363,3,12/21/2025
364,726,4/15/2025
365,64,12/17/2025
366,385,12/24/2025
367,217,12/15/2025
368,130,11/11/2025
369,675,2/6/2025
370,304,8/21/2025
371,190,5/17/2025
372,568,2/19/2025
373,225,3/28/2025
374,126,4/24/2025
375,963,10/27/2025
376,723,9/26/2025
377,829,3/12/2025
378,240,12/28/2025
379,22,5/27/2025
380,510,6/26/2025
381,691,8/10/2025
382,842,11/11/2025
383,111,7/26/2025
384,139,9/18/2025
385,995,11/17/2025
386,194,9/23/2025
387,995,8/28/2025
388,215,8/3/2025
389,737,11/1/2025
390,842,4/21/2025
391,205,6/17/2025
392,481,9/29/2025
393,471,8/1/2025
394,169,3/29/2025
395,382,6/20/2025
396,398,11/10/2025
397,803,7/29/2025
398,266,12/16/2025
399,397,10/16/2025
400,613,10/22/2025
401,399,1/6/2026
402,563,10/9/2025
403,593,4/30/2025
404,396,10/8/2025
405,652,2/21/2025
406,408,3/1/2025
407,50,12/14/2025
408,368,7/13/2025
409,73,9/3/2025
410,638,8/21/2025
411,364,1/31/2025
412,240,5/8/2025
413,425,6/22/2025
414,691,9/8/2025
415,474,11/23/2025
416,893,2/25/2025
417,459,6/25/2025
418,742,8/15/2025
419,757,12/22/2025
420,261,5/23/2025
421,235,3/5/2025
422,968,3/13/2025
423,939,4/3/2025
424,26,1/28/2025
425,688,11/26/2025
426,262,10/12/2025
427,796,6/26/2025
428,215,5/21/2025
429,703,1/9/2026
430,574,8/28/2025
431,702,7/14/2025
432,832,5/1/2025
433,580,7/13/2025
434,125,7/28/2025
435,11,12/19/2025
436,626,11/28/2025
437,319,9/28/2025
438,479,1/8/2026
439,239,12/23/2025
440,739,1/12/2026
441,654,5/31/2025
442,294,6/19/2025
443,596,11/15/2025
444,232,1/26/2026
445,47,4/29/2025
446,288,7/23/2025
447,262,10/13/2025
448,766,2/26/2025
449,497,8/18/2025
450,964,10/26/2025
451,758,2/10/2025
452,70,7/22/2025
453,244,6/18/2025
454,706,6/12/2025
455,329,4/9/2025
456,211,12/4/2025
457,80,7/1/2025
458,488,10/18/2025
459,534,10/1/2025
460,188,12/23/2025
461,405,11/13/2025
462,108,4/27/2025
463,321,3/26/2025
464,828,5/25/2025
465,867,2/2/2025
466,819,11/18/2025
467,40,6/21/2025
468,393,1/15/2026
469,748,12/19/2025
470,692,5/17/2025
471,54,2/21/2025
472,328,4/17/2025
473,853,10/22/2025
474,348,9/26/2025
475,764,11/26/2025
476,582,1/29/2025
477,495,6/1/2025
478,91,4/13/2025
479,51,12/3/2025
480,604,3/8/2025
481,182,7/23/2025
482,429,1/12/2026
483,342,8/24/2025
484,289,12/15/2025
485,439,12/12/2025
486,187,9/6/2025
487,661,10/26/2025
488,300,3/4/2025
489,525,12/11/2025
490,841,12/10/2025
491,480,1/14/2026
492,896,3/5/2025
493,563,2/11/2025
494,249,9/24/2025
495,865,5/26/2025
496,226,5/3/2025
497,920,2/10/2025
498,36,4/5/2025
499,66,9/29/2025
500,475,10/13/2025
501,71,12/18/2025
502,981,2/25/2025
503,947,7/1/2025
504,488,12/8/2025
505,233,4/26/2025
506,360,12/17/2025
507,451,10/1/2025
508,496,6/27/2025
509,363,12/25/2025
510,421,7/4/2025
511,79,10/10/2025
512,460,9/25/2025
513,369,9/10/2025
514,977,7/14/2025
515,813,8/16/2025
516,488,10/3/2025
517,22,11/28/2025
518,555,9/6/2025
519,471,9/8/2025
520,209,2/5/2025
521,247,9/28/2025
522,850,3/26/2025
523,72,10/28/2025
524,91,7/31/2025
525,934,7/24/2025
526,148,10/14/2025
527,121,1/10/2026
528,667,7/26/2025
529,528,3/24/2025
530,380,7/2/2025
531,818,2/18/2025
532,325,1/4/2026
533,164,5/7/2025
534,816,12/15/2025
535,46,8/28/2025
536,954,5/12/2025
537,634,8/27/2025
538,473,1/12/2026
539,886,12/16/2025
540,86,2/23/2025
541,881,6/1/2025
542,547,6/11/2025
543,915,3/17/2025
544,337,3/25/2025
545,158,12/12/2025
546,784,9/15/2025
547,543,8/7/2025
548,173,3/24/2025
549,895,5/16/2025
550,489,12/16/2025
551,142,5/25/2025
552,710,11/11/2025
553,672,7/6/2025
554,459,1/20/2026
555,336,5/7/2025
556,811,6/29/2025
557,860,2/25/2025
558,762,6/18/2025
559,348,12/6/2025
560,233,9/7/2025
561,521,9/1/2025
562,122,6/26/2025
563,78,9/14/2025
564,945,3/28/2025
565,908,7/26/2025
566,904,3/22/2025
567,2,12/27/2025
568,996,11/18/2025
569,745,2/19/2025
570,902,10/4/2025
571,832,12/18/2025
572,622,8/22/2025
573,498,2/5/2025
574,235,2/4/2025
575,550,5/31/2025
576,462,10/4/2025
577,134,9/29/2025
578,727,3/3/2025
579,397,4/8/2025
580,721,9/28/2025
581,103,6/28/2025
582,464,5/2/2025
583,740,6/9/2025
584,532,1/14/2026
585,143,5/13/2025
586,732,9/13/2025
587,775,11/5/2025
588,253,1/25/2026
589,827,3/26/2025
590,38,5/8/2025
591,205,1/28/2025
592,384,9/27/2025
593,459,9/4/2025
594,450,4/20/2025
595,902,9/15/2025
596,194,9/4/2025
597,516,10/23/2025
598,479,11/29/2025
599,811,4/2/2025
600,208,8/1/2025
601,895,10/25/2025
602,663,5/4/2025
603,38,10/3/2025
604,5,6/6/2025
605,502,7/21/2025
606,720,10/13/2025
607,861,5/15/2025
608,532,11/26/2025
609,112,9/27/2025
610,65,9/20/2025
611,355,10/15/2025
612,257,12/13/2025
613,33,4/28/2025
614,838,11/18/2025
615,748,6/18/2025
616,916,11/16/2025
617,820,3/12/2025
618,281,2/6/2025
619,15,5/5/2025
620,706,2/1/2025
621,600,3/20/2025
622,125,10/14/2025
623,10,11/21/2025
624,610,4/29/2025
625,845,10/20/2025
626,101,4/22/2025
627,123,1/4/2026
628,575,1/23/2026
629,408,12/5/2025
630,190,11/12/2025
631,498,6/20/2025
632,334,7/30/2025
633,818,7/20/2025
634,153,6/20/2025
635,674,11/17/2025
636,157,12/21/2025
637,558,6/16/2025
638,44,3/9/2025
639,491,11/29/2025
640,261,5/23/2025
641,574,10/19/2025
642,135,3/12/2025
643,974,11/5/2025
644,434,8/4/2025
645,469,5/10/2025
646,480,12/17/2025
647,128,4/10/2025
648,969,3/24/2025
649,177,5/9/2025
650,641,4/30/2025
651,825,5/18/2025
652,368,7/26/2025
653,446,8/23/2025
654,409,10/6/2025
655,250,2/8/2025
656,196,4/17/2025
657,374,12/27/2025
658,153,12/24/2025
659,264,2/13/2025
660,264,1/25/2026
661,233,2/12/2025
662,119,4/24/2025
663,274,8/30/2025
664,245,7/17/2025
665,134,11/27/2025
666,984,8/25/2025
667,321,5/20/2025
668,7,10/27/2025
669,919,10/1/2025
670,394,3/18/2025
671,561,2/13/2025
672,383,4/29/2025
673,104,6/7/2025
674,778,9/21/2025
675,684,2/3/2025
676,265,12/11/2025
677,740,6/16/2025
678,808,12/24/2025
679,709,4/6/2025
680,822,1/29/2025
681,437,6/4/2025
682,362,7/29/2025
683,884,12/17/2025
684,284,5/11/2025
685,947,11/15/2025
686,676,8/2/2025
687,441,8/18/2025
688,309,6/18/2025
689,539,7/16/2025
690,709,3/11/2025
691,706,4/25/2025
692,482,3/2/2025
693,544,10/16/2025
694,526,1/4/2026
695,524,5/1/2025
696,962,4/5/2025
697,698,5/6/2025
698,961,2/24/2025
699,888,3/27/2025
700,347,12/20/2025
701,707,5/4/2025
702,873,9/17/2025
703,503,11/14/2025
704,433,5/2/2025
705,791,4/25/2025
706,65,9/25/2025
707,841,7/29/2025
708,211,2/21/2025
709,766,4/11/2025
710,167,2/20/2025
711,137,10/24/2025
712,957,5/22/2025
713,288,5/27/2025
714,255,9/22/2025
715,700,10/16/2025
716,119,12/7/2025
717,491,8/6/2025
718,498,10/2/2025
719,963,12/5/2025
720,942,8/6/2025
721,250,8/15/2025
722,510,12/21/2025
723,743,6/4/2025
724,582,7/24/2025
725,147,2/1/2025
726,152,12/1/2025
727,771,3/28/2025
728,988,11/27/2025
729,913,5/24/2025
730,252,5/8/2025
731,802,8/21/2025
732,750,1/21/2026
733,950,6/10/2025
734,434,1/16/2026
735,930,6/8/2025
736,963,4/26/2025
737,243,1/28/2025
738,695,2/17/2025
739,462,8/5/2025
740,256,11/21/2025
741,689,10/30/2025
742,618,3/18/2025
743,113,8/28/2025
744,80,2/14/2025
745,334,11/7/2025
746,824,4/28/2025
747,364,12/19/2025
748,361,6/9/2025
749,648,2/8/2025
750,146,10/3/2025
751,652,6/15/2025
752,467,11/17/2025
753,833,8/1/2025
754,898,8/9/2025
755,440,6/20/2025
756,151,10/29/2025
757,161,12/15/2025
758,894,8/12/2025
759,56,12/26/2025
760,75,10/21/2025
761,619,3/12/2025
762,128,12/16/2025
763,75,4/26/2025
764,586,4/12/2025
765,19,3/14/2025
766,748,1/3/2026
767,396,7/14/2025
768,3,1/2/2026
769,403,7/2/2025
770,28,1/30/2025
771,632,1/30/2025
772,266,9/5/2025
773,861,10/14/2025
774,443,3/7/2025
775,174,11/15/2025
776,56,5/28/2025
777,957,4/10/2025
778,716,12/5/2025
779,461,12/14/2025
780,530,1/6/2026
781,582,9/4/2025
782,890,10/31/2025
783,521,11/13/2025
784,9,4/14/2025
785,806,9/28/2025
786,249,10/4/2025
787,63,8/30/2025
788,156,7/13/2025
789,478,6/11/2025
790,999,3/20/2025
791,138,2/26/2025
792,966,11/9/2025
793,725,6/23/2025
794,540,4/9/2025
795,755,3/29/2025
796,14,9/17/2025
797,375,9/9/2025
798,547,3/29/2025
799,544,11/1/2025
800,961,6/27/2025
801,759,3/3/2025
802,336,7/20/2025
803,690,4/1/2025
804,505,9/13/2025
805,928,8/8/2025
806,198,3/6/2025
807,962,7/27/2025
808,245,6/16/2025
809,644,7/20/2025
810,988,2/16/2025
811,69,12/28/2025
812,852,11/1/2025
813,535,10/25/2025
814,417,8/30/2025
815,446,10/19/2025
816,731,1/1/2026
817,310,10/26/2025
818,311,4/10/2025
819,51,9/15/2025
820,619,8/31/2025
821,844,10/19/2025
822,919,2/18/2025
823,97,12/28/2025
824,277,12/29/2025
825,487,11/30/2025
826,215,11/23/2025
827,637,3/30/2025
828,91,3/12/2025
829,848,5/28/2025
830,972,2/25/2025
831,799,11/28/2025
832,864,6/21/2025
833,360,4/8/2025
834,466,3/12/2025
835,848,5/4/2025
836,101,2/8/2025
837,521,5/5/2025
838,71,4/15/2025
839,715,5/18/2025
840,624,1/26/2026
841,257,5/5/2025
842,621,8/18/2025
843,770,8/12/2025
844,159,7/27/2025
845,404,5/6/2025
846,582,8/29/2025
847,641,9/18/2025
848,345,12/25/2025
849,395,9/26/2025
850,259,4/26/2025
851,21,5/8/2025
852,680,3/17/2025
853,359,12/16/2025
854,801,10/6/2025
855,354,11/8/2025
856,808,12/23/2025
857,571,8/20/2025
858,735,7/5/2025
859,477,9/21/2025
860,338,10/25/2025
861,924,10/18/2025
862,555,8/19/2025
863,584,6/11/2025
864,816,5/4/2025
865,459,10/17/2025
866,247,10/6/2025
867,595,4/16/2025
868,56,1/23/2026
869,438,2/16/2025
870,598,10/11/2025
871,379,6/8/2025
872,789,12/16/2025
873,569,10/24/2025
874,112,4/25/2025
875,547,6/28/2025
876,242,10/11/2025
877,127,3/28/2025
878,774,1/20/2026
879,535,2/25/2025
880,278,12/28/2025
881,398,3/5/2025
882,30,10/20/2025
883,847,3/26/2025
884,588,3/19/2025
885,422,4/4/2025
886,144,6/7/2025
887,1000,3/5/2025
888,704,5/28/2025
889,275,10/25/2025
890,669,11/6/2025
891,546,5/27/2025
892,228,3/20/2025
893,321,3/29/2025
894,260,3/21/2025
895,239,10/6/2025
896,619,6/21/2025
897,236,5/12/2025
898,488,2/23/2025
899,890,10/25/2025
900,16,11/20/2025
901,238,2/21/2025
902,438,4/22/2025
903,1,8/10/2025
904,545,8/23/2025
905,876,1/7/2026
906,616,10/17/2025
907,585,6/23/2025
908,748,7/2/2025
909,760,10/25/2025
910,56,2/3/2025
911,520,2/11/2025
912,469,11/28/2025
913,116,10/16/2025
914,379,12/10/2025
915,839,4/29/2025
916,700,3/7/2025
917,547,3/9/2025
918,733,3/21/2025
919,407,12/2/2025
920,637,2/24/2025
921,765,4/12/2025
922,338,4/1/2025
923,307,4/7/2025
924,67,7/15/2025
925,664,3/14/2025
926,592,4/1/2025
927,320,1/11/2026
928,588,2/16/2025
929,926,10/20/2025
930,43,11/22/2025
931,719,2/11/2025
932,25,9/20/2025
933,997,10/28/2025
934,534,7/6/2025
935,451,3/17/2025
936,484,10/18/2025
937,374,6/16/2025
938,653,10/22/2025
939,870,12/16/2025
940,797,8/21/2025
941,516,11/22/2025
942,758,4/26/2025
943,796,2/15/2025
944,859,1/17/2026
945,215,1/2/2026
946,694,1/15/2026
947,417,3/24/2025
948,954,7/12/2025
949,481,5/22/2025
950,291,5/7/2025
951,822,10/1/2025
952,490,11/30/2025
953,738,2/19/2025
954,390,6/4/2025
955,99,11/19/2025
956,447,7/1/2025
957,682,7/24/2025
958,251,10/6/2025
959,693,10/24/2025
960,492,1/30/2025
961,41,1/17/2026
962,734,4/7/2025
963,838,8/1/2025
964,105,11/9/2025
965,811,3/28/2025
966,979,5/24/2025
967,924,2/12/2025
968,458,8/6/2025
969,818,1/26/2026
970,251,3/11/2025
971,402,1/14/2026
972,687,5/13/2025
973,566,1/26/2026
974,834,2/1/2025
975,798,6/1/2025
976,621,6/10/2025
977,244,11/21/2025
978,52,7/3/2025
979,533,4/6/2025
980,237,4/11/2025
981,387,10/18/2025
982,568,1/31/2025
983,507,8/17/2025
984,986,4/20/2025
985,905,2/2/2025
986,32,9/3/2025
987,476,12/21/2025
988,220,12/10/2025
989,664,9/13/2025
990,69,6/3/2025
991,822,5/31/2025
992,581,11/22/2025
993,445,6/29/2025
994,805,5/6/2025
995,146,11/27/2025
996,90,3/14/2025
997,339,12/11/2025
998,673,10/17/2025
999,534,8/29/2025
1000,914,5/1/2025
